Course Code,Year Level,Term Type Code,Lecture Units,Laboratory Units,Sequence,Is Elective
"GCAS 01",1,"1ST_SEM",,,1,false
"GCAS 03",1,"1ST_SEM",,,2,false
"GCAS 07",1,"1ST_SEM",,,3,false
"CS 101LEC",1,"1ST_SEM",3.0,,4,false
"CS 101LAB",1,"1ST_SEM",,,5,false
"GCAS 15",1,"1ST_SEM",,,6,false
"GCAS 19",1,"1ST_SEM",,,7,false
"GCAS 02",1,"2ND_SEM",,,1,false
"GCAS 04",1,"2ND_SEM",,,2,false
"GCAS 08",1,"2ND_SEM",,,3,false
"CS 102LEC",1,"2ND_SEM",,,4,false
"CS 102LAB",1,"2ND_SEM",,,5,false
"GCAS 16",1,"2ND_SEM",,,6,false
"GCAS 20",1,"2ND_SEM",,,7,false
"GCAS 05",2,"1ST_SEM",,,1,false
"GCAS 06",2,"1ST_SEM",,,2,false
"CS 201LEC",2,"1ST_SEM",,,3,false
"CS 201LAB",2,"1ST_SEM",,,4,false
"GCAS 17",2,"1ST_SEM",,,5,false
"GCAS 09",2,"2ND_SEM",,,1,false
"CS 202",2,"2ND_SEM",,,2,false
"CS 301LEC",2,"2ND_SEM",,,3,false
"CS 301LAB",2,"2ND_SEM",,,4,false
"GCAS 18",2,"2ND_SEM",,,5,false
"CS 302LEC",3,"1ST_SEM",,,1,false
"CS 302LAB",3,"1ST_SEM",,,2,false
"CS 303",3,"1ST_SEM",,,3,false
"CS 304",3,"2ND_SEM",,,1,false
"CS 401",4,"1ST_SEM",,,1,false
"CS 402",4,"2ND_SEM",,,1,false
"GCAS 01",1,"1ST_SEM",,,1,false
"GCAS 03",1,"1ST_SEM",,,2,false
"GCAS 07",1,"1ST_SEM",,,3,false
"CS 101LEC",1,"1ST_SEM",,,4,false
"CS 101LAB",1,"1ST_SEM",,,5,false
"GCAS 15",1,"1ST_SEM",,,6,false
"GCAS 02",1,"2ND_SEM",,,1,false
"GCAS 04",1,"2ND_SEM",,,2,false
"CS 102LEC",1,"2ND_SEM",,,3,false
"CS 102LAB",1,"2ND_SEM",,,4,false
"GCAS 16",1,"2ND_SEM",,,5,false
"CS 301LEC",2,"1ST_SEM",,,1,false
"CS 301LAB",2,"1ST_SEM",,,2,false
"CS 302LEC",2,"2ND_SEM",,,1,false
"CS 302LAB",2,"2ND_SEM",,,2,false
"CS 303",3,"1ST_SEM",,,1,false
"CS 304",3,"2ND_SEM",,,1,false
"NURS 101LEC",1,"1ST_SEM",4.0,,1,false
"NURS 101LAB",1,"1ST_SEM",,,2,false
"NURS 102",1,"1ST_SEM",,,3,false
"NURS 103",1,"1ST_SEM",,,4,false
"NURS 104LEC",1,"2ND_SEM",,,1,false
"NURS 104LAB",1,"2ND_SEM",,,2,false
"NURS 202",1,"2ND_SEM",,,3,false
"NURS 203",1,"2ND_SEM",,,4,false
"NURS 201LEC",2,"1ST_SEM",,,1,false
"NURS 201LAB",2,"1ST_SEM",,,2,false
"NURS 204LEC",2,"1ST_SEM",,,3,false
"NURS 204LAB",2,"1ST_SEM",,,4,false
"NURS 205LEC",2,"2ND_SEM",,,1,false
"NURS 205LAB",2,"2ND_SEM",,,2,false
"NURS 301LEC",3,"1ST_SEM",,,1,false
"NURS 301LAB",3,"1ST_SEM",,,2,false
"NURS 303",3,"1ST_SEM",,,3,false
"NURS 302LEC",3,"2ND_SEM",,,1,false
"NURS 302LAB",3,"2ND_SEM",,,2,false
"NURS 304LEC",3,"2ND_SEM",,,3,false
"NURS 304LAB",3,"2ND_SEM",,,4,false
"NURS 305",3,"2ND_SEM",,,5,false
"NURS 306",4,"1ST_SEM",,,1,false
"NURS 401LEC",4,"1ST_SEM",,,2,false
"NURS 401LAB",4,"1ST_SEM",,,3,false
"NURS 402",4,"1ST_SEM",,,4,false
"NURS 405",4,"1ST_SEM",,,5,false
"NURS 403",4,"2ND_SEM",,,1,false
"NURS 404",4,"2ND_SEM",,,2,false
"NURS 406",4,"2ND_SEM",,,3,false
"NURS 101LEC",1,"1ST_SEM",,,1,false
"NURS 101LAB",1,"1ST_SEM",,,2,false
"NURS 102",1,"1ST_SEM",,,3,false
"NURS 103",1,"1ST_SEM",,,4,false
"NURS 104LEC",1,"2ND_SEM",,,1,false
"NURS 104LAB",1,"2ND_SEM",,,2,false
"NURS 202",1,"2ND_SEM",,,3,false
"NURS 201LEC",2,"1ST_SEM",,,1,false
"NURS 201LAB",2,"1ST_SEM",,,2,false
"NURS 205LEC",2,"2ND_SEM",,,1,false
"NURS 205LAB",2,"2ND_SEM",,,2,false
"NURS 301LEC",3,"1ST_SEM",,,1,false
"NURS 301LAB",3,"1ST_SEM",,,2,false
"NURS 403",3,"2ND_SEM",,,1,false
"NURS 404",3,"2ND_SEM",,,2,false
"MEDT 101",1,"1ST_SEM",3.5,,1,false
"MEDT 102LEC",1,"1ST_SEM",,,2,false
"MEDT 102LAB",1,"1ST_SEM",,,3,false
"MEDT 103",1,"1ST_SEM",,,4,false
"MEDT 104",1,"2ND_SEM",,,1,false
"MEDT 201LEC",1,"2ND_SEM",,,2,false
"MEDT 201LAB",1,"2ND_SEM",,,3,false
"MEDT 202LEC",2,"1ST_SEM",,,1,false
"MEDT 202LAB",2,"1ST_SEM",,,2,false
"MEDT 203LEC",2,"1ST_SEM",,,3,false
"MEDT 203LAB",2,"1ST_SEM",,,4,false
"MEDT 204LEC",2,"2ND_SEM",,,1,false
"MEDT 204LAB",2,"2ND_SEM",,,2,false
"MEDT 205LEC",2,"2ND_SEM",,,3,false
"MEDT 205LAB",2,"2ND_SEM",,,4,false
"MEDT 301LEC",3,"1ST_SEM",,,1,false
"MEDT 301LAB",3,"1ST_SEM",,,2,false
"MEDT 302LEC",3,"1ST_SEM",,,3,false
"MEDT 302LAB",3,"1ST_SEM",,,4,false
"MEDT 303LEC",3,"1ST_SEM",,,5,false
"MEDT 303LAB",3,"1ST_SEM",,,6,false
"MEDT 304",3,"2ND_SEM",,,1,false
"MEDT 305",3,"2ND_SEM",,,2,false
"MEDT 306",3,"2ND_SEM",,,3,false
"MEDT 401",4,"1ST_SEM",,,1,false
"MEDT 403",4,"1ST_SEM",,,2,false
"MEDT 404",4,"1ST_SEM",,,3,false
"MEDT 405",4,"1ST_SEM",,,4,false
"MEDT 402",4,"2ND_SEM",,,1,false
"MEDT 406",4,"2ND_SEM",,,2,false
"MEDT 101",1,"1ST_SEM",,,1,false
"MEDT 102LEC",1,"1ST_SEM",,,2,false
"MEDT 102LAB",1,"1ST_SEM",,,3,false
"MEDT 103",1,"1ST_SEM",,,4,false
"MEDT 201LEC",1,"2ND_SEM",,,1,false
"MEDT 201LAB",1,"2ND_SEM",,,2,false
"MEDT 204LEC",2,"1ST_SEM",,,1,false
"MEDT 204LAB",2,"1ST_SEM",,,2,false
"MEDT 205LEC",2,"2ND_SEM",,,1,false
"MEDT 205LAB",2,"2ND_SEM",,,2,false
"MEDT 301LEC",3,"1ST_SEM",,,1,false
"MEDT 301LAB",3,"1ST_SEM",,,2,false
"MEDT 403",3,"2ND_SEM",,,1,false
"MEDT 401",4,"1ST_SEM",,,1,false
"MEDT 402",4,"2ND_SEM",,,1,false
"POLS 101",1,"1ST_SEM",4.0,,1,false
"POLS 102",1,"1ST_SEM",,,2,false
"POLS 103",1,"1ST_SEM",,,3,false
"GCAS 01",1,"1ST_SEM",,,4,false
"GCAS 03",1,"1ST_SEM",,,5,false
"POLS 104",1,"2ND_SEM",,,1,false
"POLS 201",1,"2ND_SEM",,,2,false
"POLS 203",1,"2ND_SEM",,,3,false
"GCAS 02",1,"2ND_SEM",,,4,false
"GCAS 04",1,"2ND_SEM",,,5,false
"POLS 202",2,"1ST_SEM",,,1,false
"POLS 204",2,"1ST_SEM",,,2,false
"POLS 205",2,"1ST_SEM",,,3,false
"POLS 206",2,"1ST_SEM",,,4,false
"POLS 301",2,"2ND_SEM",,,1,false
"POLS 302",2,"2ND_SEM",,,2,false
"POLS 303",2,"2ND_SEM",,,3,false
"POLS 304",2,"2ND_SEM",,,4,false
"POLS 305",3,"1ST_SEM",,,1,false
"POLS 306",3,"1ST_SEM",,,2,false
"POLS 307",3,"1ST_SEM",,,3,false
"POLS 308",3,"1ST_SEM",,,4,false
"POLS 401",3,"2ND_SEM",,,1,false
"POLS 404",3,"2ND_SEM",,,2,false
"POLS 405",3,"2ND_SEM",,,3,false
"POLS 402",4,"1ST_SEM",,,1,false
"POLS 403",4,"1ST_SEM",,,2,false
"POLS 406",4,"1ST_SEM",,,3,false
"POLS 407",4,"1ST_SEM",,,4,false
"POLS 408",4,"2ND_SEM",,,1,false
"POLS 410",4,"2ND_SEM",,,2,false
"POLS 101",1,"1ST_SEM",,,1,false
"POLS 103",1,"1ST_SEM",,,2,false
"POLS 204",1,"1ST_SEM",,,3,false
"POLS 104",1,"2ND_SEM",,,1,false
"POLS 305",1,"2ND_SEM",,,2,false
"POLS 308",2,"1ST_SEM",,,1,false
"POLS 403",2,"2ND_SEM",,,1,false
"POLS 411",3,"1ST_SEM",,,1,false