Code,Name,Department Code,Program Level Code,Years Duration,Total Units,Description,Is Active,Override Grading Schema,Grading Periods,Course Code,Year Level,Term Type Code,School Year Code,Sequence,Is Elective
"BSCS","Bachelor of Science in Computer Science","CITE","BACHELOR",4,145,"Computer Science degree specializing in algorithm design, software architecture, and artificial intelligence.",true,true,"Prelim:25,Midterm:25,SemiFinal:25,Final:25","GCAS 01",1,"1ST_SEM","",1,false
"BSCS","Bachelor of Science in Computer Science","CITE","BACHELOR",4,145,"Computer Science degree specializing in algorithm design, software architecture, and artificial intelligence.",true,true,"Prelim:25,Midterm:25,SemiFinal:25,Final:25","GCAS 03",1,"1ST_SEM","",2,false
"BSCS","Bachelor of Science in Computer Science","CITE","BACHELOR",4,145,"Computer Science degree specializing in algorithm design, software architecture, and artificial intelligence.",true,true,"Prelim:25,Midterm:25,SemiFinal:25,Final:25","GCAS 07",1,"1ST_SEM","",3,false
"BSCS","Bachelor of Science in Computer Science","CITE","BACHELOR",4,145,"Computer Science degree specializing in algorithm design, software architecture, and artificial intelligence.",true,true,"Prelim:25,Midterm:25,SemiFinal:25,Final:25","CS 101LEC",1,"1ST_SEM","",4,false
"BSCS","Bachelor of Science in Computer Science","CITE","BACHELOR",4,145,"Computer Science degree specializing in algorithm design, software architecture, and artificial intelligence.",true,true,"Prelim:25,Midterm:25,SemiFinal:25,Final:25","CS 101LAB",1,"1ST_SEM","",5,false
"BSCS","Bachelor of Science in Computer Science","CITE","BACHELOR",4,145,"Computer Science degree specializing in algorithm design, software architecture, and artificial intelligence.",true,true,"Prelim:25,Midterm:25,SemiFinal:25,Final:25","GCAS 15",1,"1ST_SEM","",6,false
"BSCS","Bachelor of Science in Computer Science","CITE","BACHELOR",4,145,"Computer Science degree specializing in algorithm design, software architecture, and artificial intelligence.",true,true,"Prelim:25,Midterm:25,SemiFinal:25,Final:25","GCAS 19",1,"1ST_SEM","",7,false
"BSCS","Bachelor of Science in Computer Science","CITE","BACHELOR",4,145,"Computer Science degree specializing in algorithm design, software architecture, and artificial intelligence.",true,true,"Prelim:25,Midterm:25,SemiFinal:25,Final:25","GCAS 02",1,"2ND_SEM","",1,false
"BSCS","Bachelor of Science in Computer Science","CITE","BACHELOR",4,145,"Computer Science degree specializing in algorithm design, software architecture, and artificial intelligence.",true,true,"Prelim:25,Midterm:25,SemiFinal:25,Final:25","GCAS 04",1,"2ND_SEM","",2,false
"BSCS","Bachelor of Science in Computer Science","CITE","BACHELOR",4,145,"Computer Science degree specializing in algorithm design, software architecture, and artificial intelligence.",true,true,"Prelim:25,Midterm:25,SemiFinal:25,Final:25","GCAS 08",1,"2ND_SEM","",3,false
"BSCS","Bachelor of Science in Computer Science","CITE","BACHELOR",4,145,"Computer Science degree specializing in algorithm design, software architecture, and artificial intelligence.",true,true,"Prelim:25,Midterm:25,SemiFinal:25,Final:25","CS 102LEC",1,"2ND_SEM","",4,false
"BSCS","Bachelor of Science in Computer Science","CITE","BACHELOR",4,145,"Computer Science degree specializing in algorithm design, software architecture, and artificial intelligence.",true,true,"Prelim:25,Midterm:25,SemiFinal:25,Final:25","CS 102LAB",1,"2ND_SEM","",5,false
"BSCS","Bachelor of Science in Computer Science","CITE","BACHELOR",4,145,"Computer Science degree specializing in algorithm design, software architecture, and artificial intelligence.",true,true,"Prelim:25,Midterm:25,SemiFinal:25,Final:25","GCAS 16",1,"2ND_SEM","",6,false
"BSCS","Bachelor of Science in Computer Science","CITE","BACHELOR",4,145,"Computer Science degree specializing in algorithm design, software architecture, and artificial intelligence.",true,true,"Prelim:25,Midterm:25,SemiFinal:25,Final:25","GCAS 20",1,"2ND_SEM","",7,false
"BSCS","Bachelor of Science in Computer Science","CITE","BACHELOR",4,145,"Computer Science degree specializing in algorithm design, software architecture, and artificial intelligence.",true,true,"Prelim:25,Midterm:25,SemiFinal:25,Final:25","GCAS 05",2,"1ST_SEM","",1,false
"BSCS","Bachelor of Science in Computer Science","CITE","BACHELOR",4,145,"Computer Science degree specializing in algorithm design, software architecture, and artificial intelligence.",true,true,"Prelim:25,Midterm:25,SemiFinal:25,Final:25","GCAS 06",2,"1ST_SEM","",2,false
"BSCS","Bachelor of Science in Computer Science","CITE","BACHELOR",4,145,"Computer Science degree specializing in algorithm design, software architecture, and artificial intelligence.",true,true,"Prelim:25,Midterm:25,SemiFinal:25,Final:25","CS 201LEC",2,"1ST_SEM","",3,false
"BSCS","Bachelor of Science in Computer Science","CITE","BACHELOR",4,145,"Computer Science degree specializing in algorithm design, software architecture, and artificial intelligence.",true,true,"Prelim:25,Midterm:25,SemiFinal:25,Final:25","CS 201LAB",2,"1ST_SEM","",4,false
"BSCS","Bachelor of Science in Computer Science","CITE","BACHELOR",4,145,"Computer Science degree specializing in algorithm design, software architecture, and artificial intelligence.",true,true,"Prelim:25,Midterm:25,SemiFinal:25,Final:25","GCAS 17",2,"1ST_SEM","",5,false
"BSCS","Bachelor of Science in Computer Science","CITE","BACHELOR",4,145,"Computer Science degree specializing in algorithm design, software architecture, and artificial intelligence.",true,true,"Prelim:25,Midterm:25,SemiFinal:25,Final:25","GCAS 09",2,"2ND_SEM","",1,false
"BSCS","Bachelor of Science in Computer Science","CITE","BACHELOR",4,145,"Computer Science degree specializing in algorithm design, software architecture, and artificial intelligence.",true,true,"Prelim:25,Midterm:25,SemiFinal:25,Final:25","CS 202",2,"2ND_SEM","",2,false
"BSCS","Bachelor of Science in Computer Science","CITE","BACHELOR",4,145,"Computer Science degree specializing in algorithm design, software architecture, and artificial intelligence.",true,true,"Prelim:25,Midterm:25,SemiFinal:25,Final:25","CS 301LEC",2,"2ND_SEM","",3,false
"BSCS","Bachelor of Science in Computer Science","CITE","BACHELOR",4,145,"Computer Science degree specializing in algorithm design, software architecture, and artificial intelligence.",true,true,"Prelim:25,Midterm:25,SemiFinal:25,Final:25","CS 301LAB",2,"2ND_SEM","",4,false
"BSCS","Bachelor of Science in Computer Science","CITE","BACHELOR",4,145,"Computer Science degree specializing in algorithm design, software architecture, and artificial intelligence.",true,true,"Prelim:25,Midterm:25,SemiFinal:25,Final:25","GCAS 18",2,"2ND_SEM","",5,false
"BSCS","Bachelor of Science in Computer Science","CITE","BACHELOR",4,145,"Computer Science degree specializing in algorithm design, software architecture, and artificial intelligence.",true,true,"Prelim:25,Midterm:25,SemiFinal:25,Final:25","CS 302LEC",3,"1ST_SEM","",1,false
"BSCS","Bachelor of Science in Computer Science","CITE","BACHELOR",4,145,"Computer Science degree specializing in algorithm design, software architecture, and artificial intelligence.",true,true,"Prelim:25,Midterm:25,SemiFinal:25,Final:25","CS 302LAB",3,"1ST_SEM","",2,false
"BSCS","Bachelor of Science in Computer Science","CITE","BACHELOR",4,145,"Computer Science degree specializing in algorithm design, software architecture, and artificial intelligence.",true,true,"Prelim:25,Midterm:25,SemiFinal:25,Final:25","CS 303",3,"1ST_SEM","",3,false
"BSCS","Bachelor of Science in Computer Science","CITE","BACHELOR",4,145,"Computer Science degree specializing in algorithm design, software architecture, and artificial intelligence.",true,true,"Prelim:25,Midterm:25,SemiFinal:25,Final:25","CS 304",3,"2ND_SEM","",1,false
"BSCS","Bachelor of Science in Computer Science","CITE","BACHELOR",4,145,"Computer Science degree specializing in algorithm design, software architecture, and artificial intelligence.",true,true,"Prelim:25,Midterm:25,SemiFinal:25,Final:25","CS 401",4,"1ST_SEM","",1,false
"BSCS","Bachelor of Science in Computer Science","CITE","BACHELOR",4,145,"Computer Science degree specializing in algorithm design, software architecture, and artificial intelligence.",true,true,"Prelim:25,Midterm:25,SemiFinal:25,Final:25","CS 402",4,"2ND_SEM","",1,false
"BSIT","Bachelor of Science in Information Technology","CITE","BACHELOR",4,140,"Information Technology program covering network administration, web engineering, and enterprise systems.",true,false,"","GCAS 01",1,"1ST_SEM","",1,false
"BSIT","Bachelor of Science in Information Technology","CITE","BACHELOR",4,140,"Information Technology program covering network administration, web engineering, and enterprise systems.",true,false,"","GCAS 03",1,"1ST_SEM","",2,false
"BSIT","Bachelor of Science in Information Technology","CITE","BACHELOR",4,140,"Information Technology program covering network administration, web engineering, and enterprise systems.",true,false,"","GCAS 07",1,"1ST_SEM","",3,false
"BSIT","Bachelor of Science in Information Technology","CITE","BACHELOR",4,140,"Information Technology program covering network administration, web engineering, and enterprise systems.",true,false,"","CS 101LEC",1,"1ST_SEM","",4,false
"BSIT","Bachelor of Science in Information Technology","CITE","BACHELOR",4,140,"Information Technology program covering network administration, web engineering, and enterprise systems.",true,false,"","CS 101LAB",1,"1ST_SEM","",5,false
"BSIT","Bachelor of Science in Information Technology","CITE","BACHELOR",4,140,"Information Technology program covering network administration, web engineering, and enterprise systems.",true,false,"","GCAS 15",1,"1ST_SEM","",6,false
"BSIT","Bachelor of Science in Information Technology","CITE","BACHELOR",4,140,"Information Technology program covering network administration, web engineering, and enterprise systems.",true,false,"","GCAS 02",1,"2ND_SEM","",1,false
"BSIT","Bachelor of Science in Information Technology","CITE","BACHELOR",4,140,"Information Technology program covering network administration, web engineering, and enterprise systems.",true,false,"","GCAS 04",1,"2ND_SEM","",2,false
"BSIT","Bachelor of Science in Information Technology","CITE","BACHELOR",4,140,"Information Technology program covering network administration, web engineering, and enterprise systems.",true,false,"","CS 102LEC",1,"2ND_SEM","",3,false
"BSIT","Bachelor of Science in Information Technology","CITE","BACHELOR",4,140,"Information Technology program covering network administration, web engineering, and enterprise systems.",true,false,"","CS 102LAB",1,"2ND_SEM","",4,false
"BSIT","Bachelor of Science in Information Technology","CITE","BACHELOR",4,140,"Information Technology program covering network administration, web engineering, and enterprise systems.",true,false,"","GCAS 16",1,"2ND_SEM","",5,false
"BSIT","Bachelor of Science in Information Technology","CITE","BACHELOR",4,140,"Information Technology program covering network administration, web engineering, and enterprise systems.",true,false,"","CS 301LEC",2,"1ST_SEM","",1,false
"BSIT","Bachelor of Science in Information Technology","CITE","BACHELOR",4,140,"Information Technology program covering network administration, web engineering, and enterprise systems.",true,false,"","CS 301LAB",2,"1ST_SEM","",2,false
"BSIT","Bachelor of Science in Information Technology","CITE","BACHELOR",4,140,"Information Technology program covering network administration, web engineering, and enterprise systems.",true,false,"","CS 302LEC",2,"2ND_SEM","",1,false
"BSIT","Bachelor of Science in Information Technology","CITE","BACHELOR",4,140,"Information Technology program covering network administration, web engineering, and enterprise systems.",true,false,"","CS 302LAB",2,"2ND_SEM","",2,false
"BSIT","Bachelor of Science in Information Technology","CITE","BACHELOR",4,140,"Information Technology program covering network administration, web engineering, and enterprise systems.",true,false,"","CS 303",3,"1ST_SEM","",1,false
"BSIT","Bachelor of Science in Information Technology","CITE","BACHELOR",4,140,"Information Technology program covering network administration, web engineering, and enterprise systems.",true,false,"","CS 304",3,"2ND_SEM","",1,false
"BSN","Bachelor of Science in Nursing","BSN","BACHELOR",4,168,"Comprehensive 4-year nursing degree focusing on clinical practice, patient care, and healthcare management.",true,true,"Prelim:30,Midterm:30,Final:40","NURS 101LEC",1,"1ST_SEM","",1,false
"BSN","Bachelor of Science in Nursing","BSN","BACHELOR",4,168,"Comprehensive 4-year nursing degree focusing on clinical practice, patient care, and healthcare management.",true,true,"Prelim:30,Midterm:30,Final:40","NURS 101LAB",1,"1ST_SEM","",2,false
"BSN","Bachelor of Science in Nursing","BSN","BACHELOR",4,168,"Comprehensive 4-year nursing degree focusing on clinical practice, patient care, and healthcare management.",true,true,"Prelim:30,Midterm:30,Final:40","NURS 102",1,"1ST_SEM","",3,false
"BSN","Bachelor of Science in Nursing","BSN","BACHELOR",4,168,"Comprehensive 4-year nursing degree focusing on clinical practice, patient care, and healthcare management.",true,true,"Prelim:30,Midterm:30,Final:40","NURS 103",1,"1ST_SEM","",4,false
"BSN","Bachelor of Science in Nursing","BSN","BACHELOR",4,168,"Comprehensive 4-year nursing degree focusing on clinical practice, patient care, and healthcare management.",true,true,"Prelim:30,Midterm:30,Final:40","NURS 104LEC",1,"2ND_SEM","",1,false
"BSN","Bachelor of Science in Nursing","BSN","BACHELOR",4,168,"Comprehensive 4-year nursing degree focusing on clinical practice, patient care, and healthcare management.",true,true,"Prelim:30,Midterm:30,Final:40","NURS 104LAB",1,"2ND_SEM","",2,false
"BSN","Bachelor of Science in Nursing","BSN","BACHELOR",4,168,"Comprehensive 4-year nursing degree focusing on clinical practice, patient care, and healthcare management.",true,true,"Prelim:30,Midterm:30,Final:40","NURS 202",1,"2ND_SEM","",3,false
"BSN","Bachelor of Science in Nursing","BSN","BACHELOR",4,168,"Comprehensive 4-year nursing degree focusing on clinical practice, patient care, and healthcare management.",true,true,"Prelim:30,Midterm:30,Final:40","NURS 203",1,"2ND_SEM","",4,false
"BSN","Bachelor of Science in Nursing","BSN","BACHELOR",4,168,"Comprehensive 4-year nursing degree focusing on clinical practice, patient care, and healthcare management.",true,true,"Prelim:30,Midterm:30,Final:40","NURS 201LEC",2,"1ST_SEM","",1,false
"BSN","Bachelor of Science in Nursing","BSN","BACHELOR",4,168,"Comprehensive 4-year nursing degree focusing on clinical practice, patient care, and healthcare management.",true,true,"Prelim:30,Midterm:30,Final:40","NURS 201LAB",2,"1ST_SEM","",2,false
"BSN","Bachelor of Science in Nursing","BSN","BACHELOR",4,168,"Comprehensive 4-year nursing degree focusing on clinical practice, patient care, and healthcare management.",true,true,"Prelim:30,Midterm:30,Final:40","NURS 204LEC",2,"1ST_SEM","",3,false
"BSN","Bachelor of Science in Nursing","BSN","BACHELOR",4,168,"Comprehensive 4-year nursing degree focusing on clinical practice, patient care, and healthcare management.",true,true,"Prelim:30,Midterm:30,Final:40","NURS 204LAB",2,"1ST_SEM","",4,false
"BSN","Bachelor of Science in Nursing","BSN","BACHELOR",4,168,"Comprehensive 4-year nursing degree focusing on clinical practice, patient care, and healthcare management.",true,true,"Prelim:30,Midterm:30,Final:40","NURS 205LEC",2,"2ND_SEM","",1,false
"BSN","Bachelor of Science in Nursing","BSN","BACHELOR",4,168,"Comprehensive 4-year nursing degree focusing on clinical practice, patient care, and healthcare management.",true,true,"Prelim:30,Midterm:30,Final:40","NURS 205LAB",2,"2ND_SEM","",2,false
"BSN","Bachelor of Science in Nursing","BSN","BACHELOR",4,168,"Comprehensive 4-year nursing degree focusing on clinical practice, patient care, and healthcare management.",true,true,"Prelim:30,Midterm:30,Final:40","NURS 301LEC",3,"1ST_SEM","",1,false
"BSN","Bachelor of Science in Nursing","BSN","BACHELOR",4,168,"Comprehensive 4-year nursing degree focusing on clinical practice, patient care, and healthcare management.",true,true,"Prelim:30,Midterm:30,Final:40","NURS 301LAB",3,"1ST_SEM","",2,false
"BSN","Bachelor of Science in Nursing","BSN","BACHELOR",4,168,"Comprehensive 4-year nursing degree focusing on clinical practice, patient care, and healthcare management.",true,true,"Prelim:30,Midterm:30,Final:40","NURS 303",3,"1ST_SEM","",3,false
"BSN","Bachelor of Science in Nursing","BSN","BACHELOR",4,168,"Comprehensive 4-year nursing degree focusing on clinical practice, patient care, and healthcare management.",true,true,"Prelim:30,Midterm:30,Final:40","NURS 302LEC",3,"2ND_SEM","",1,false
"BSN","Bachelor of Science in Nursing","BSN","BACHELOR",4,168,"Comprehensive 4-year nursing degree focusing on clinical practice, patient care, and healthcare management.",true,true,"Prelim:30,Midterm:30,Final:40","NURS 302LAB",3,"2ND_SEM","",2,false
"BSN","Bachelor of Science in Nursing","BSN","BACHELOR",4,168,"Comprehensive 4-year nursing degree focusing on clinical practice, patient care, and healthcare management.",true,true,"Prelim:30,Midterm:30,Final:40","NURS 304LEC",3,"2ND_SEM","",3,false
"BSN","Bachelor of Science in Nursing","BSN","BACHELOR",4,168,"Comprehensive 4-year nursing degree focusing on clinical practice, patient care, and healthcare management.",true,true,"Prelim:30,Midterm:30,Final:40","NURS 304LAB",3,"2ND_SEM","",4,false
"BSN","Bachelor of Science in Nursing","BSN","BACHELOR",4,168,"Comprehensive 4-year nursing degree focusing on clinical practice, patient care, and healthcare management.",true,true,"Prelim:30,Midterm:30,Final:40","NURS 305",3,"2ND_SEM","",5,false
"BSN","Bachelor of Science in Nursing","BSN","BACHELOR",4,168,"Comprehensive 4-year nursing degree focusing on clinical practice, patient care, and healthcare management.",true,true,"Prelim:30,Midterm:30,Final:40","NURS 306",4,"1ST_SEM","",1,false
"BSN","Bachelor of Science in Nursing","BSN","BACHELOR",4,168,"Comprehensive 4-year nursing degree focusing on clinical practice, patient care, and healthcare management.",true,true,"Prelim:30,Midterm:30,Final:40","NURS 401LEC",4,"1ST_SEM","",2,false
"BSN","Bachelor of Science in Nursing","BSN","BACHELOR",4,168,"Comprehensive 4-year nursing degree focusing on clinical practice, patient care, and healthcare management.",true,true,"Prelim:30,Midterm:30,Final:40","NURS 401LAB",4,"1ST_SEM","",3,false
"BSN","Bachelor of Science in Nursing","BSN","BACHELOR",4,168,"Comprehensive 4-year nursing degree focusing on clinical practice, patient care, and healthcare management.",true,true,"Prelim:30,Midterm:30,Final:40","NURS 402",4,"1ST_SEM","",4,false
"BSN","Bachelor of Science in Nursing","BSN","BACHELOR",4,168,"Comprehensive 4-year nursing degree focusing on clinical practice, patient care, and healthcare management.",true,true,"Prelim:30,Midterm:30,Final:40","NURS 405",4,"1ST_SEM","",5,false
"BSN","Bachelor of Science in Nursing","BSN","BACHELOR",4,168,"Comprehensive 4-year nursing degree focusing on clinical practice, patient care, and healthcare management.",true,true,"Prelim:30,Midterm:30,Final:40","NURS 403",4,"2ND_SEM","",1,false
"BSN","Bachelor of Science in Nursing","BSN","BACHELOR",4,168,"Comprehensive 4-year nursing degree focusing on clinical practice, patient care, and healthcare management.",true,true,"Prelim:30,Midterm:30,Final:40","NURS 404",4,"2ND_SEM","",2,false
"BSN","Bachelor of Science in Nursing","BSN","BACHELOR",4,168,"Comprehensive 4-year nursing degree focusing on clinical practice, patient care, and healthcare management.",true,true,"Prelim:30,Midterm:30,Final:40","NURS 406",4,"2ND_SEM","",3,false
"BSN-ACC","Accelerated Bachelor of Science in Nursing","BSN","BACHELOR",3,150,"Fast-track nursing curriculum designed for degree holders pursuing healthcare careers.",true,false,"","NURS 101LEC",1,"1ST_SEM","",1,false
"BSN-ACC","Accelerated Bachelor of Science in Nursing","BSN","BACHELOR",3,150,"Fast-track nursing curriculum designed for degree holders pursuing healthcare careers.",true,false,"","NURS 101LAB",1,"1ST_SEM","",2,false
"BSN-ACC","Accelerated Bachelor of Science in Nursing","BSN","BACHELOR",3,150,"Fast-track nursing curriculum designed for degree holders pursuing healthcare careers.",true,false,"","NURS 102",1,"1ST_SEM","",3,false
"BSN-ACC","Accelerated Bachelor of Science in Nursing","BSN","BACHELOR",3,150,"Fast-track nursing curriculum designed for degree holders pursuing healthcare careers.",true,false,"","NURS 103",1,"1ST_SEM","",4,false
"BSN-ACC","Accelerated Bachelor of Science in Nursing","BSN","BACHELOR",3,150,"Fast-track nursing curriculum designed for degree holders pursuing healthcare careers.",true,false,"","NURS 104LEC",1,"2ND_SEM","",1,false
"BSN-ACC","Accelerated Bachelor of Science in Nursing","BSN","BACHELOR",3,150,"Fast-track nursing curriculum designed for degree holders pursuing healthcare careers.",true,false,"","NURS 104LAB",1,"2ND_SEM","",2,false
"BSN-ACC","Accelerated Bachelor of Science in Nursing","BSN","BACHELOR",3,150,"Fast-track nursing curriculum designed for degree holders pursuing healthcare careers.",true,false,"","NURS 202",1,"2ND_SEM","",3,false
"BSN-ACC","Accelerated Bachelor of Science in Nursing","BSN","BACHELOR",3,150,"Fast-track nursing curriculum designed for degree holders pursuing healthcare careers.",true,false,"","NURS 201LEC",2,"1ST_SEM","",1,false
"BSN-ACC","Accelerated Bachelor of Science in Nursing","BSN","BACHELOR",3,150,"Fast-track nursing curriculum designed for degree holders pursuing healthcare careers.",true,false,"","NURS 201LAB",2,"1ST_SEM","",2,false
"BSN-ACC","Accelerated Bachelor of Science in Nursing","BSN","BACHELOR",3,150,"Fast-track nursing curriculum designed for degree holders pursuing healthcare careers.",true,false,"","NURS 205LEC",2,"2ND_SEM","",1,false
"BSN-ACC","Accelerated Bachelor of Science in Nursing","BSN","BACHELOR",3,150,"Fast-track nursing curriculum designed for degree holders pursuing healthcare careers.",true,false,"","NURS 205LAB",2,"2ND_SEM","",2,false
"BSN-ACC","Accelerated Bachelor of Science in Nursing","BSN","BACHELOR",3,150,"Fast-track nursing curriculum designed for degree holders pursuing healthcare careers.",true,false,"","NURS 301LEC",3,"1ST_SEM","",1,false
"BSN-ACC","Accelerated Bachelor of Science in Nursing","BSN","BACHELOR",3,150,"Fast-track nursing curriculum designed for degree holders pursuing healthcare careers.",true,false,"","NURS 301LAB",3,"1ST_SEM","",2,false
"BSN-ACC","Accelerated Bachelor of Science in Nursing","BSN","BACHELOR",3,150,"Fast-track nursing curriculum designed for degree holders pursuing healthcare careers.",true,false,"","NURS 403",3,"2ND_SEM","",1,false
"BSN-ACC","Accelerated Bachelor of Science in Nursing","BSN","BACHELOR",3,150,"Fast-track nursing curriculum designed for degree holders pursuing healthcare careers.",true,false,"","NURS 404",3,"2ND_SEM","",2,false
"BSMLS","Bachelor of Science in Medical Laboratory Science","MDTCH","BACHELOR",4,160,"Professional degree in diagnostic pathology, clinical biochemistry, hematology, and blood banking.",true,true,"Midterm:50,Final:50","MEDT 101",1,"1ST_SEM","",1,false
"BSMLS","Bachelor of Science in Medical Laboratory Science","MDTCH","BACHELOR",4,160,"Professional degree in diagnostic pathology, clinical biochemistry, hematology, and blood banking.",true,true,"Midterm:50,Final:50","MEDT 102LEC",1,"1ST_SEM","",2,false
"BSMLS","Bachelor of Science in Medical Laboratory Science","MDTCH","BACHELOR",4,160,"Professional degree in diagnostic pathology, clinical biochemistry, hematology, and blood banking.",true,true,"Midterm:50,Final:50","MEDT 102LAB",1,"1ST_SEM","",3,false
"BSMLS","Bachelor of Science in Medical Laboratory Science","MDTCH","BACHELOR",4,160,"Professional degree in diagnostic pathology, clinical biochemistry, hematology, and blood banking.",true,true,"Midterm:50,Final:50","MEDT 103",1,"1ST_SEM","",4,false
"BSMLS","Bachelor of Science in Medical Laboratory Science","MDTCH","BACHELOR",4,160,"Professional degree in diagnostic pathology, clinical biochemistry, hematology, and blood banking.",true,true,"Midterm:50,Final:50","MEDT 104",1,"2ND_SEM","",1,false
"BSMLS","Bachelor of Science in Medical Laboratory Science","MDTCH","BACHELOR",4,160,"Professional degree in diagnostic pathology, clinical biochemistry, hematology, and blood banking.",true,true,"Midterm:50,Final:50","MEDT 201LEC",1,"2ND_SEM","",2,false
"BSMLS","Bachelor of Science in Medical Laboratory Science","MDTCH","BACHELOR",4,160,"Professional degree in diagnostic pathology, clinical biochemistry, hematology, and blood banking.",true,true,"Midterm:50,Final:50","MEDT 201LAB",1,"2ND_SEM","",3,false
"BSMLS","Bachelor of Science in Medical Laboratory Science","MDTCH","BACHELOR",4,160,"Professional degree in diagnostic pathology, clinical biochemistry, hematology, and blood banking.",true,true,"Midterm:50,Final:50","MEDT 202LEC",2,"1ST_SEM","",1,false
"BSMLS","Bachelor of Science in Medical Laboratory Science","MDTCH","BACHELOR",4,160,"Professional degree in diagnostic pathology, clinical biochemistry, hematology, and blood banking.",true,true,"Midterm:50,Final:50","MEDT 202LAB",2,"1ST_SEM","",2,false
"BSMLS","Bachelor of Science in Medical Laboratory Science","MDTCH","BACHELOR",4,160,"Professional degree in diagnostic pathology, clinical biochemistry, hematology, and blood banking.",true,true,"Midterm:50,Final:50","MEDT 203LEC",2,"1ST_SEM","",3,false
"BSMLS","Bachelor of Science in Medical Laboratory Science","MDTCH","BACHELOR",4,160,"Professional degree in diagnostic pathology, clinical biochemistry, hematology, and blood banking.",true,true,"Midterm:50,Final:50","MEDT 203LAB",2,"1ST_SEM","",4,false
"BSMLS","Bachelor of Science in Medical Laboratory Science","MDTCH","BACHELOR",4,160,"Professional degree in diagnostic pathology, clinical biochemistry, hematology, and blood banking.",true,true,"Midterm:50,Final:50","MEDT 204LEC",2,"2ND_SEM","",1,false
"BSMLS","Bachelor of Science in Medical Laboratory Science","MDTCH","BACHELOR",4,160,"Professional degree in diagnostic pathology, clinical biochemistry, hematology, and blood banking.",true,true,"Midterm:50,Final:50","MEDT 204LAB",2,"2ND_SEM","",2,false
"BSMLS","Bachelor of Science in Medical Laboratory Science","MDTCH","BACHELOR",4,160,"Professional degree in diagnostic pathology, clinical biochemistry, hematology, and blood banking.",true,true,"Midterm:50,Final:50","MEDT 205LEC",2,"2ND_SEM","",3,false
"BSMLS","Bachelor of Science in Medical Laboratory Science","MDTCH","BACHELOR",4,160,"Professional degree in diagnostic pathology, clinical biochemistry, hematology, and blood banking.",true,true,"Midterm:50,Final:50","MEDT 205LAB",2,"2ND_SEM","",4,false
"BSMLS","Bachelor of Science in Medical Laboratory Science","MDTCH","BACHELOR",4,160,"Professional degree in diagnostic pathology, clinical biochemistry, hematology, and blood banking.",true,true,"Midterm:50,Final:50","MEDT 301LEC",3,"1ST_SEM","",1,false
"BSMLS","Bachelor of Science in Medical Laboratory Science","MDTCH","BACHELOR",4,160,"Professional degree in diagnostic pathology, clinical biochemistry, hematology, and blood banking.",true,true,"Midterm:50,Final:50","MEDT 301LAB",3,"1ST_SEM","",2,false
"BSMLS","Bachelor of Science in Medical Laboratory Science","MDTCH","BACHELOR",4,160,"Professional degree in diagnostic pathology, clinical biochemistry, hematology, and blood banking.",true,true,"Midterm:50,Final:50","MEDT 302LEC",3,"1ST_SEM","",3,false
"BSMLS","Bachelor of Science in Medical Laboratory Science","MDTCH","BACHELOR",4,160,"Professional degree in diagnostic pathology, clinical biochemistry, hematology, and blood banking.",true,true,"Midterm:50,Final:50","MEDT 302LAB",3,"1ST_SEM","",4,false
"BSMLS","Bachelor of Science in Medical Laboratory Science","MDTCH","BACHELOR",4,160,"Professional degree in diagnostic pathology, clinical biochemistry, hematology, and blood banking.",true,true,"Midterm:50,Final:50","MEDT 303LEC",3,"1ST_SEM","",5,false
"BSMLS","Bachelor of Science in Medical Laboratory Science","MDTCH","BACHELOR",4,160,"Professional degree in diagnostic pathology, clinical biochemistry, hematology, and blood banking.",true,true,"Midterm:50,Final:50","MEDT 303LAB",3,"1ST_SEM","",6,false
"BSMLS","Bachelor of Science in Medical Laboratory Science","MDTCH","BACHELOR",4,160,"Professional degree in diagnostic pathology, clinical biochemistry, hematology, and blood banking.",true,true,"Midterm:50,Final:50","MEDT 304",3,"2ND_SEM","",1,false
"BSMLS","Bachelor of Science in Medical Laboratory Science","MDTCH","BACHELOR",4,160,"Professional degree in diagnostic pathology, clinical biochemistry, hematology, and blood banking.",true,true,"Midterm:50,Final:50","MEDT 305",3,"2ND_SEM","",2,false
"BSMLS","Bachelor of Science in Medical Laboratory Science","MDTCH","BACHELOR",4,160,"Professional degree in diagnostic pathology, clinical biochemistry, hematology, and blood banking.",true,true,"Midterm:50,Final:50","MEDT 306",3,"2ND_SEM","",3,false
"BSMLS","Bachelor of Science in Medical Laboratory Science","MDTCH","BACHELOR",4,160,"Professional degree in diagnostic pathology, clinical biochemistry, hematology, and blood banking.",true,true,"Midterm:50,Final:50","MEDT 401",4,"1ST_SEM","",1,false
"BSMLS","Bachelor of Science in Medical Laboratory Science","MDTCH","BACHELOR",4,160,"Professional degree in diagnostic pathology, clinical biochemistry, hematology, and blood banking.",true,true,"Midterm:50,Final:50","MEDT 403",4,"1ST_SEM","",2,false
"BSMLS","Bachelor of Science in Medical Laboratory Science","MDTCH","BACHELOR",4,160,"Professional degree in diagnostic pathology, clinical biochemistry, hematology, and blood banking.",true,true,"Midterm:50,Final:50","MEDT 404",4,"1ST_SEM","",3,false
"BSMLS","Bachelor of Science in Medical Laboratory Science","MDTCH","BACHELOR",4,160,"Professional degree in diagnostic pathology, clinical biochemistry, hematology, and blood banking.",true,true,"Midterm:50,Final:50","MEDT 405",4,"1ST_SEM","",4,false
"BSMLS","Bachelor of Science in Medical Laboratory Science","MDTCH","BACHELOR",4,160,"Professional degree in diagnostic pathology, clinical biochemistry, hematology, and blood banking.",true,true,"Midterm:50,Final:50","MEDT 402",4,"2ND_SEM","",1,false
"BSMLS","Bachelor of Science in Medical Laboratory Science","MDTCH","BACHELOR",4,160,"Professional degree in diagnostic pathology, clinical biochemistry, hematology, and blood banking.",true,true,"Midterm:50,Final:50","MEDT 406",4,"2ND_SEM","",2,false
"BSMT-HONORS","Bachelor of Science in Medical Technology (Honors)","MDTCH","BACHELOR",4,165,"Honors curriculum in Medical Technology with advanced molecular diagnostics research modules.",true,false,"","MEDT 101",1,"1ST_SEM","",1,false
"BSMT-HONORS","Bachelor of Science in Medical Technology (Honors)","MDTCH","BACHELOR",4,165,"Honors curriculum in Medical Technology with advanced molecular diagnostics research modules.",true,false,"","MEDT 102LEC",1,"1ST_SEM","",2,false
"BSMT-HONORS","Bachelor of Science in Medical Technology (Honors)","MDTCH","BACHELOR",4,165,"Honors curriculum in Medical Technology with advanced molecular diagnostics research modules.",true,false,"","MEDT 102LAB",1,"1ST_SEM","",3,false
"BSMT-HONORS","Bachelor of Science in Medical Technology (Honors)","MDTCH","BACHELOR",4,165,"Honors curriculum in Medical Technology with advanced molecular diagnostics research modules.",true,false,"","MEDT 103",1,"1ST_SEM","",4,false
"BSMT-HONORS","Bachelor of Science in Medical Technology (Honors)","MDTCH","BACHELOR",4,165,"Honors curriculum in Medical Technology with advanced molecular diagnostics research modules.",true,false,"","MEDT 201LEC",1,"2ND_SEM","",1,false
"BSMT-HONORS","Bachelor of Science in Medical Technology (Honors)","MDTCH","BACHELOR",4,165,"Honors curriculum in Medical Technology with advanced molecular diagnostics research modules.",true,false,"","MEDT 201LAB",1,"2ND_SEM","",2,false
"BSMT-HONORS","Bachelor of Science in Medical Technology (Honors)","MDTCH","BACHELOR",4,165,"Honors curriculum in Medical Technology with advanced molecular diagnostics research modules.",true,false,"","MEDT 204LEC",2,"1ST_SEM","",1,false
"BSMT-HONORS","Bachelor of Science in Medical Technology (Honors)","MDTCH","BACHELOR",4,165,"Honors curriculum in Medical Technology with advanced molecular diagnostics research modules.",true,false,"","MEDT 204LAB",2,"1ST_SEM","",2,false
"BSMT-HONORS","Bachelor of Science in Medical Technology (Honors)","MDTCH","BACHELOR",4,165,"Honors curriculum in Medical Technology with advanced molecular diagnostics research modules.",true,false,"","MEDT 205LEC",2,"2ND_SEM","",1,false
"BSMT-HONORS","Bachelor of Science in Medical Technology (Honors)","MDTCH","BACHELOR",4,165,"Honors curriculum in Medical Technology with advanced molecular diagnostics research modules.",true,false,"","MEDT 205LAB",2,"2ND_SEM","",2,false
"BSMT-HONORS","Bachelor of Science in Medical Technology (Honors)","MDTCH","BACHELOR",4,165,"Honors curriculum in Medical Technology with advanced molecular diagnostics research modules.",true,false,"","MEDT 301LEC",3,"1ST_SEM","",1,false
"BSMT-HONORS","Bachelor of Science in Medical Technology (Honors)","MDTCH","BACHELOR",4,165,"Honors curriculum in Medical Technology with advanced molecular diagnostics research modules.",true,false,"","MEDT 301LAB",3,"1ST_SEM","",2,false
"BSMT-HONORS","Bachelor of Science in Medical Technology (Honors)","MDTCH","BACHELOR",4,165,"Honors curriculum in Medical Technology with advanced molecular diagnostics research modules.",true,false,"","MEDT 403",3,"2ND_SEM","",1,false
"BSMT-HONORS","Bachelor of Science in Medical Technology (Honors)","MDTCH","BACHELOR",4,165,"Honors curriculum in Medical Technology with advanced molecular diagnostics research modules.",true,false,"","MEDT 401",4,"1ST_SEM","",1,false
"BSMT-HONORS","Bachelor of Science in Medical Technology (Honors)","MDTCH","BACHELOR",4,165,"Honors curriculum in Medical Technology with advanced molecular diagnostics research modules.",true,false,"","MEDT 402",4,"2ND_SEM","",1,false
"AB-POLSCI","Bachelor of Arts in Political Science","AB POLSCI","BACHELOR",4,142,"Degree program analyzing political behavior, constitutional law, international relations, and public policy.",true,true,"Prelim:30,Midterm:30,Final:40","POLS 101",1,"1ST_SEM","",1,false
"AB-POLSCI","Bachelor of Arts in Political Science","AB POLSCI","BACHELOR",4,142,"Degree program analyzing political behavior, constitutional law, international relations, and public policy.",true,true,"Prelim:30,Midterm:30,Final:40","POLS 102",1,"1ST_SEM","",2,false
"AB-POLSCI","Bachelor of Arts in Political Science","AB POLSCI","BACHELOR",4,142,"Degree program analyzing political behavior, constitutional law, international relations, and public policy.",true,true,"Prelim:30,Midterm:30,Final:40","POLS 103",1,"1ST_SEM","",3,false
"AB-POLSCI","Bachelor of Arts in Political Science","AB POLSCI","BACHELOR",4,142,"Degree program analyzing political behavior, constitutional law, international relations, and public policy.",true,true,"Prelim:30,Midterm:30,Final:40","GCAS 01",1,"1ST_SEM","",4,false
"AB-POLSCI","Bachelor of Arts in Political Science","AB POLSCI","BACHELOR",4,142,"Degree program analyzing political behavior, constitutional law, international relations, and public policy.",true,true,"Prelim:30,Midterm:30,Final:40","GCAS 03",1,"1ST_SEM","",5,false
"AB-POLSCI","Bachelor of Arts in Political Science","AB POLSCI","BACHELOR",4,142,"Degree program analyzing political behavior, constitutional law, international relations, and public policy.",true,true,"Prelim:30,Midterm:30,Final:40","POLS 104",1,"2ND_SEM","",1,false
"AB-POLSCI","Bachelor of Arts in Political Science","AB POLSCI","BACHELOR",4,142,"Degree program analyzing political behavior, constitutional law, international relations, and public policy.",true,true,"Prelim:30,Midterm:30,Final:40","POLS 201",1,"2ND_SEM","",2,false
"AB-POLSCI","Bachelor of Arts in Political Science","AB POLSCI","BACHELOR",4,142,"Degree program analyzing political behavior, constitutional law, international relations, and public policy.",true,true,"Prelim:30,Midterm:30,Final:40","POLS 203",1,"2ND_SEM","",3,false
"AB-POLSCI","Bachelor of Arts in Political Science","AB POLSCI","BACHELOR",4,142,"Degree program analyzing political behavior, constitutional law, international relations, and public policy.",true,true,"Prelim:30,Midterm:30,Final:40","GCAS 02",1,"2ND_SEM","",4,false
"AB-POLSCI","Bachelor of Arts in Political Science","AB POLSCI","BACHELOR",4,142,"Degree program analyzing political behavior, constitutional law, international relations, and public policy.",true,true,"Prelim:30,Midterm:30,Final:40","GCAS 04",1,"2ND_SEM","",5,false
"AB-POLSCI","Bachelor of Arts in Political Science","AB POLSCI","BACHELOR",4,142,"Degree program analyzing political behavior, constitutional law, international relations, and public policy.",true,true,"Prelim:30,Midterm:30,Final:40","POLS 202",2,"1ST_SEM","",1,false
"AB-POLSCI","Bachelor of Arts in Political Science","AB POLSCI","BACHELOR",4,142,"Degree program analyzing political behavior, constitutional law, international relations, and public policy.",true,true,"Prelim:30,Midterm:30,Final:40","POLS 204",2,"1ST_SEM","",2,false
"AB-POLSCI","Bachelor of Arts in Political Science","AB POLSCI","BACHELOR",4,142,"Degree program analyzing political behavior, constitutional law, international relations, and public policy.",true,true,"Prelim:30,Midterm:30,Final:40","POLS 205",2,"1ST_SEM","",3,false
"AB-POLSCI","Bachelor of Arts in Political Science","AB POLSCI","BACHELOR",4,142,"Degree program analyzing political behavior, constitutional law, international relations, and public policy.",true,true,"Prelim:30,Midterm:30,Final:40","POLS 206",2,"1ST_SEM","",4,false
"AB-POLSCI","Bachelor of Arts in Political Science","AB POLSCI","BACHELOR",4,142,"Degree program analyzing political behavior, constitutional law, international relations, and public policy.",true,true,"Prelim:30,Midterm:30,Final:40","POLS 301",2,"2ND_SEM","",1,false
"AB-POLSCI","Bachelor of Arts in Political Science","AB POLSCI","BACHELOR",4,142,"Degree program analyzing political behavior, constitutional law, international relations, and public policy.",true,true,"Prelim:30,Midterm:30,Final:40","POLS 302",2,"2ND_SEM","",2,false
"AB-POLSCI","Bachelor of Arts in Political Science","AB POLSCI","BACHELOR",4,142,"Degree program analyzing political behavior, constitutional law, international relations, and public policy.",true,true,"Prelim:30,Midterm:30,Final:40","POLS 303",2,"2ND_SEM","",3,false
"AB-POLSCI","Bachelor of Arts in Political Science","AB POLSCI","BACHELOR",4,142,"Degree program analyzing political behavior, constitutional law, international relations, and public policy.",true,true,"Prelim:30,Midterm:30,Final:40","POLS 304",2,"2ND_SEM","",4,false
"AB-POLSCI","Bachelor of Arts in Political Science","AB POLSCI","BACHELOR",4,142,"Degree program analyzing political behavior, constitutional law, international relations, and public policy.",true,true,"Prelim:30,Midterm:30,Final:40","POLS 305",3,"1ST_SEM","",1,false
"AB-POLSCI","Bachelor of Arts in Political Science","AB POLSCI","BACHELOR",4,142,"Degree program analyzing political behavior, constitutional law, international relations, and public policy.",true,true,"Prelim:30,Midterm:30,Final:40","POLS 306",3,"1ST_SEM","",2,false
"AB-POLSCI","Bachelor of Arts in Political Science","AB POLSCI","BACHELOR",4,142,"Degree program analyzing political behavior, constitutional law, international relations, and public policy.",true,true,"Prelim:30,Midterm:30,Final:40","POLS 307",3,"1ST_SEM","",3,false
"AB-POLSCI","Bachelor of Arts in Political Science","AB POLSCI","BACHELOR",4,142,"Degree program analyzing political behavior, constitutional law, international relations, and public policy.",true,true,"Prelim:30,Midterm:30,Final:40","POLS 308",3,"1ST_SEM","",4,false
"AB-POLSCI","Bachelor of Arts in Political Science","AB POLSCI","BACHELOR",4,142,"Degree program analyzing political behavior, constitutional law, international relations, and public policy.",true,true,"Prelim:30,Midterm:30,Final:40","POLS 401",3,"2ND_SEM","",1,false
"AB-POLSCI","Bachelor of Arts in Political Science","AB POLSCI","BACHELOR",4,142,"Degree program analyzing political behavior, constitutional law, international relations, and public policy.",true,true,"Prelim:30,Midterm:30,Final:40","POLS 404",3,"2ND_SEM","",2,false
"AB-POLSCI","Bachelor of Arts in Political Science","AB POLSCI","BACHELOR",4,142,"Degree program analyzing political behavior, constitutional law, international relations, and public policy.",true,true,"Prelim:30,Midterm:30,Final:40","POLS 405",3,"2ND_SEM","",3,false
"AB-POLSCI","Bachelor of Arts in Political Science","AB POLSCI","BACHELOR",4,142,"Degree program analyzing political behavior, constitutional law, international relations, and public policy.",true,true,"Prelim:30,Midterm:30,Final:40","POLS 402",4,"1ST_SEM","",1,false
"AB-POLSCI","Bachelor of Arts in Political Science","AB POLSCI","BACHELOR",4,142,"Degree program analyzing political behavior, constitutional law, international relations, and public policy.",true,true,"Prelim:30,Midterm:30,Final:40","POLS 403",4,"1ST_SEM","",2,false
"AB-POLSCI","Bachelor of Arts in Political Science","AB POLSCI","BACHELOR",4,142,"Degree program analyzing political behavior, constitutional law, international relations, and public policy.",true,true,"Prelim:30,Midterm:30,Final:40","POLS 406",4,"1ST_SEM","",3,false
"AB-POLSCI","Bachelor of Arts in Political Science","AB POLSCI","BACHELOR",4,142,"Degree program analyzing political behavior, constitutional law, international relations, and public policy.",true,true,"Prelim:30,Midterm:30,Final:40","POLS 407",4,"1ST_SEM","",4,false
"AB-POLSCI","Bachelor of Arts in Political Science","AB POLSCI","BACHELOR",4,142,"Degree program analyzing political behavior, constitutional law, international relations, and public policy.",true,true,"Prelim:30,Midterm:30,Final:40","POLS 408",4,"2ND_SEM","",1,false
"AB-POLSCI","Bachelor of Arts in Political Science","AB POLSCI","BACHELOR",4,142,"Degree program analyzing political behavior, constitutional law, international relations, and public policy.",true,true,"Prelim:30,Midterm:30,Final:40","POLS 410",4,"2ND_SEM","",2,false
"AB-PAG","Bachelor of Arts in Public Administration and Governance","AB POLSCI","BACHELOR",4,140,"Degree focusing on civil service administration, public policy, local governance, and administrative law.",true,false,"","POLS 101",1,"1ST_SEM","",1,false
"AB-PAG","Bachelor of Arts in Public Administration and Governance","AB POLSCI","BACHELOR",4,140,"Degree focusing on civil service administration, public policy, local governance, and administrative law.",true,false,"","POLS 103",1,"1ST_SEM","",2,false
"AB-PAG","Bachelor of Arts in Public Administration and Governance","AB POLSCI","BACHELOR",4,140,"Degree focusing on civil service administration, public policy, local governance, and administrative law.",true,false,"","POLS 204",1,"1ST_SEM","",3,false
"AB-PAG","Bachelor of Arts in Public Administration and Governance","AB POLSCI","BACHELOR",4,140,"Degree focusing on civil service administration, public policy, local governance, and administrative law.",true,false,"","POLS 104",1,"2ND_SEM","",1,false
"AB-PAG","Bachelor of Arts in Public Administration and Governance","AB POLSCI","BACHELOR",4,140,"Degree focusing on civil service administration, public policy, local governance, and administrative law.",true,false,"","POLS 305",1,"2ND_SEM","",2,false
"AB-PAG","Bachelor of Arts in Public Administration and Governance","AB POLSCI","BACHELOR",4,140,"Degree focusing on civil service administration, public policy, local governance, and administrative law.",true,false,"","POLS 308",2,"1ST_SEM","",1,false
"AB-PAG","Bachelor of Arts in Public Administration and Governance","AB POLSCI","BACHELOR",4,140,"Degree focusing on civil service administration, public policy, local governance, and administrative law.",true,false,"","POLS 403",2,"2ND_SEM","",1,false
"AB-PAG","Bachelor of Arts in Public Administration and Governance","AB POLSCI","BACHELOR",4,140,"Degree focusing on civil service administration, public policy, local governance, and administrative law.",true,false,"","POLS 411",3,"1ST_SEM","",1,false