term_label,program_code,course_code,section_code,faculty_email,room,max_slots,status,schedule_days,schedule_time_start,schedule_time_end,schedule_room,preset_section,override_grading_schema,grading_periods
1st Semester - Academic Year 2025-2026,BSCS,CS 101LEC,BSCS 1-A,juliustolentino.diamond@gmail.com,CLAB-101,40,Open,"Monday, Wednesday",08:00,10:00,CLAB-101,,false,
1st Semester - Academic Year 2025-2026,BSCS,CS 101LAB,BSCS 1-A (LAB),juliustolentino.diamond@gmail.com,CLAB-101,40,Open,Friday,08:00,11:00,CLAB-101,,false,
1st Semester - Academic Year 2025-2026,BSCS,CS 102LEC,BSCS 1-B,juliusexample@gmail.com,CLAB-102,40,Open,"Tuesday, Thursday",10:00,12:00,CLAB-102,,false,
1st Semester - Academic Year 2025-2026,BSCS,CS 201LEC,BSCS 2-A,luna.akirapogi@gmail.com,CLAB-201,40,Open,"Monday, Wednesday",13:00,15:00,CLAB-201,,true,"Prelim:30(Quizzes:25,Class Standing:35,Major Exam:40); Midterm:30(Quizzes:25,Class Standing:35,Major Exam:40); Final:40(Quizzes:25,Class Standing:35,Major Exam:40)"
1st Semester - Academic Year 2025-2026,BSIT,CS 101LEC,BSIT 1-A,juliustolentino.diamond@gmail.com,CLAB-103,45,Open,"Tuesday, Thursday",08:00,10:00,CLAB-103,,false,
1st Semester - Academic Year 2025-2026,BSIT,CS 102LEC,BSIT 1-B,juliusexample@gmail.com,CLAB-104,45,Open,"Monday, Wednesday",10:00,12:00,CLAB-104,,false,
1st Semester - Academic Year 2025-2026,BSN,NURS 101LEC,BSN 1-A,juliusexample@gmail.com,NLAB-101,35,Open,"Monday, Wednesday",08:00,11:00,NLAB-101,,false,
1st Semester - Academic Year 2025-2026,BSN,NURS 101LAB,BSN 1-A (LAB),juliusexample@gmail.com,NLAB-101,35,Open,Friday,13:00,16:00,NLAB-101,,false,
1st Semester - Academic Year 2025-2026,BSN,NURS 102LEC,BSN 1-B,luna.akirapogi@gmail.com,NLAB-102,35,Open,"Tuesday, Thursday",09:00,12:00,NLAB-102,,false,
1st Semester - Academic Year 2025-2026,BSN-ACC,NURS 201LEC,BSN-ACC 1-A,juliustolentino.diamond@gmail.com,NLAB-201,30,Open,"Monday, Wednesday",13:00,16:00,NLAB-201,,false,
1st Semester - Academic Year 2025-2026,BSMLS,MT 101LEC,BSMLS 1-A,luna.akirapogi@gmail.com,MLAB-101,40,Open,"Monday, Wednesday",09:00,11:00,MLAB-101,,false,
1st Semester - Academic Year 2025-2026,BSMLS,MT 102LEC,BSMLS 1-B,juliusexample@gmail.com,MLAB-102,40,Open,"Tuesday, Thursday",13:00,15:00,MLAB-102,,false,
1st Semester - Academic Year 2025-2026,BSMT-HONORS,MT 201LEC,BSMT 1-A,juliustolentino.diamond@gmail.com,MLAB-201,25,Open,Friday,08:00,12:00,MLAB-201,,false,
1st Semester - Academic Year 2025-2026,AB-POLSCI,POL 101,AB-POLSCI 1-A,luna.akirapogi@gmail.com,ROOM-301,45,Open,"Monday, Wednesday",10:00,12:00,ROOM-301,,false,
1st Semester - Academic Year 2025-2026,AB-POLSCI,POL 102,AB-POLSCI 1-B,juliusexample@gmail.com,ROOM-302,45,Open,"Tuesday, Thursday",14:00,16:00,ROOM-302,,false,
1st Semester - Academic Year 2025-2026,AB-PAG,PAG 101,AB-PAG 1-A,juliustolentino.diamond@gmail.com,ROOM-303,40,Open,Friday,13:00,16:00,ROOM-303,,false,