Course Code,Year Level,Term Type Code,Sequence,Is Elective
CS101,1,1ST_SEM,1,false
CS102,1,1ST_SEM,2,false
CS103,1,2ND_SEM,1,false
CS104,1,2ND_SEM,2,false
CS105_SUM,1,SUMMER,1,false
CS106_SUM,1,SUMMER,2,false
CS201,2,1ST_SEM,1,false
CS202,2,1ST_SEM,2,false
CS203,2,2ND_SEM,1,false
CS204,2,2ND_SEM,2,false
CS205_SUM,2,SUMMER,1,false
CS206_SUM,2,SUMMER,2,false
CS301,3,1ST_SEM,1,false
CS302,3,1ST_SEM,2,false
CS303,3,2ND_SEM,1,false
CS304,3,2ND_SEM,2,false
CS305_SUM,3,SUMMER,1,false
CS306_SUM,3,SUMMER,2,false
CS401,4,1ST_SEM,1,false
CS402,4,1ST_SEM,2,false
CS403,4,2ND_SEM,1,false
CS404,4,2ND_SEM,2,false
CS405_SUM,4,SUMMER,1,false
CS406_SUM,4,SUMMER,2,false
